case_id,sentence,component_type
164,"Cases referred to:27 CWN 587;Kanailal Das  vs  Jiban Kanai Das, AIR 1977 Cal 189;S",Others
164,"P. Chengalvaraya Naidu (Dead) by LRS  vs  Jagannath (Dead) by LRs, 1994(1) SCC 1;T",Others
164,"Arivandandam  vs  T. V. Satyapal, AIR 1977 SC 2421",Others
164,"Prasenjit Mandal, J.: This application is at the instance of the defendant and is directed against the order dated December 12, 2012 passed by the learned Civil Judge (Senior Division), 5th Court, Alipore in Title Suit N.o. 44 of 2010 thereby rejecting an application under Order 7 Rule 11 of the CPC",Others
164,"The plaintiffs/opposite parties herein instituted the aforesaid suit for a decree of declaration that the defendant has no right to claim the suit property as described in the schedule to the plaint, a decree of declaration that the decree passed in Title Suit N.o. 137 of 2001 dated October 12, 2001 had been obtained by fraud and the same is a nullity in the eye of law, a decree of declaration that if any deed of settlement favouring Anita Kundu be found to have been allegedly executed by Hari Mohan Kundu, since deceased, the same be declared as null and void and other consequential reliefs",Others
164,"In the suit the defendant/petitioner herein entered an appearance and filed an application under Order 7 Rule 11 of the CPC contending, inter alia, that the suit is barred by limitation and so, the plaint should be rejected",Others
164,That application was rejected by the impugned order,Premise
164,"Being aggrieved, the defendant has preferred this application",Others
164,"Having heard the learned Counsel for the parties and on going through the materials on record, I find that admittedly Hari Mohan Kundu and Moni Mohan Kundu, two brothers, now deceased, hailed from Bangladesh and they got two plots at Tilak Nagar Colony",Premise
164,"The petitioners have contended that Hari Mohan got the plot n.o. 30, Tilak Narag Colony and he died on February 8, 1991, as a widower",Premise
164,He had no issue and so his brother Moni Mohan inherited the property left by Hari Mohan,Premise
164,"Moni Mohan died on March 3, 1992 leaving behind the plaintiffs as his legal heirs",Others
164,"Thus, the plaintiffs became the owners of the property left by Hari Mohan",Premise
164,The defendant has no connection with Hari Mohan but he has contended that his sister namely Anita Kundu became the owner of the property of Hari Mohan by dint of a deed of settlement,Premise
164,"A suit being Title Suit N.o. 137 of 2001 before learned Civil Judge (Senior Division), 5th Court, Alipore was filed by the defendant against one person set by him as Shymal Saha wherein, it has been mentioned that Anita Kundu became the owner of the suit property by dint of the deed of settlement from Hari Mohan and after the death of Anita Kundu intestate as a spinster leaving behind the defendant as her heir and by the decree of compromise, the defendant became the owner of the property left by Hari Mohan",Premise
164,"The plaintiffs have also contended that fraud was practised and thus, a fictitious deed of settlement had been made and so, the said suit being Title Suit N.o. 44 of 2010 was filed by the heirs of Moni Mohan stating the cause of action to file the suit",Premise
164,"Thereafter, the defendant filed the said application which was rejected by the impugned order",Premise
164,"So, this application has been preferred",Others
164,"Upon hearing the learned Counsel for the parties and on going through the materials on record, I find that the rejection of the plaint has been sought for on the ground of limitation and it is contended by Mr. S.P. Roy Chowdhury, learned Senior Advocate appearing for the petitioner, that the suit must be instituted within three years from the date when the deed of settlement had been made by Hari Mohan in favour of Anita Kundu or from the date when such fact came to the knowledge of the petitioners",Premise
164,"In the instant case, there being no clear disclosure when the deed was executed but, in fact, the deed was executed on May 16, 1990",Premise
164,"According to the decision of T. Arivandandam  vs  T.V. Satyapal & anr. Reported in AIR 1977 Supreme Court 2421 particularly the Head Note A, the application under Order 7 Rule 11 of the CPC should have been allowed when there is no disclosure of a clear right to sue",Claim
164,The Trial Court must see that the bogus litigation can be shot down,Others
164,"He has also referred to the decision of Kanailal Das & anr.  vs  Jiban Kanai Das & anr. Reported in AIR 1977 Cal 189 thus, he has submitted that the limitation of the right to sue under Article 58 being three years should be counted from the date of knowledge",Premise
164,"So, in the instant case, as per materials on record when the matter came to the knowledge of the plaintiffs in the year 1992, it should be presumed that the suit must be filed within three years from the date of knowledge",Claim
164,"The instant suit having been filed in the year 2010 is not maintainable and so, the suit comes within the mischief of Order 7 Rule 11(d) of the CPC",Premise
164,"On the other hand, Mr. S.P. Mukherjee, learned Advocate appearing for the opposite parties has contended that since there is an allegation of fraud, a judgment or decree obtained by playing fraud on the Court is a nullity and non est in the eyes of law",Premise
164,"It can be challenged in any Court even in collateral proceedings, according to the decision of S.P. Chengalvaraya Naidu (Dead) by LRS  vs  Jagannath (Dead) by LRS & anr. reported in 1994 (1) SCC Page 1",Others
164,Fraud is to be decided on the basis of evidence,Premise
164,It was also decided in 27 CWN 587 (Division Bench Judgment) to the effect that evidence is required for determination of the fraud as contended in the plaint,Others
164,Mr. Mukherjee has also drawn my attention of the annotated book of evidence by S.P. Sengupta to the effect that the element of fraud is to be decided on evidence only,Others
164,"In the instant case I find that the plaintiffs have described the cause of action arose on June 2, 2009 when for the first time the plaintiffs came to know about the judgment passed in the suit number T.S.137 of 2001 on compromise and the same is continuing day-to-day",Premise
164,"At 30, Tilak Nagar Colony under P.S. Jadavpur, Kolkata 700040 i.e. within the jurisdiction of the learned Court",Others
164,"So far as the rejection of plaint on the ground of being barred by limitation is concerned, only the plaint is to be looked into to see whether on perusal of the same it appears to be barred by the law of limitation",Others
164,"In the instant case, there being a contention of fraud on the part of the plaintiffs against the defendant, the ground of fraud could be established only by evidence and not by mere averments in the plaint",Premise
164,"Therefore, the learned Trial Judge, in my view, has rightly observed that it is not possible to hold whether the suit is barred by the law of limitation or not",Claim
164,Evidence is required to determine this issue,Others
164,"In my opinion, the learned Trial Judge has rightly addressed the issue",MajorClaim
164,"Accordingly this application is devoid of merits and is, therefore, dismissed",Premise
164,"Considering the circumstances, there will be no order as to costs",Claim
164,"Urgent xerox certified copy of this order, if applied for, be supplied to the learned Advocates for the parties on their usual undertaking",Others
