After it was detected that she had suppressed her qualification and had submitted a false declaration in her application which was in violation of the condition of appointment in the service, 	Premise	her engagement was terminated with effect from 1st February, 2008	Claim	supports
In order to answer the issue, it is necessary to refer to the relevant portion of the memorandum dated 25th January, 2006, issued by the Government of West Bengal, Department of Women and Child Development and Social Welfare, Kolkata.	Premise	All candidates will have to give a declaration regarding her maximum academic qualification	Claim	supports
If a graduate candidate suppresses her academic qualification and if selected to a post of Anganwadi Worker her services will be terminated forthwith without assigning any reason	Claim	her engagement was terminated with effect from 1st February, 2008	Claim	supports
In order to answer the issue, it is necessary to refer to the relevant portion of the memorandum dated 25th January, 2006, issued by the Government of West Bengal, Department of Women and Child Development and Social Welfare, Kolkata.	Premise	Candidates who are graduates will not be eligible for a post of Anganwadi Worker	Claim	supports
In this respect it is also relevant to refer to the fourth paragraph of the advertisement dated 5th July, 2006 wherein it was stipulated that a candidate having passed Madhyamik Examination or equivalent examination and a candidate belonging to the scheduled caste and scheduled tribe having passed class (VIII) would be eligible to apply	Premise	her engagement was terminated with effect from 1st February, 2008	Claim	attacks
In this respect it is also relevant to refer to the fourth paragraph of the advertisement dated 5th July, 2006 wherein it was stipulated that a candidate having passed Madhyamik Examination or equivalent examination and a candidate belonging to the scheduled caste and scheduled tribe having passed class (VIII) would be eligible to apply	Premise	Candidates who are graduates will not be eligible for a post of Anganwadi Worker	Claim	attacks
However, it was specifically stipulated that a graduate or a person having higher degree was barred from applying for the post	Premise	her engagement was terminated with effect from 1st February, 2008	Claim	supports
However, it was specifically stipulated that a graduate or a person having higher degree was barred from applying for the post	Premise	Candidates who are graduates will not be eligible for a post of Anganwadi Worker	Claim	supports
Pursuant to the advertisement the petitioner applied, became successful and joined	Premise	All candidates will have to give a declaration regarding her maximum academic qualification	Claim	supports
Pursuant to the advertisement the petitioner applied, became successful and joined	Premise	Candidates who are graduates will not be eligible for a post of Anganwadi Worker	Claim	attacks
After it was detected that she had suppressed her qualification and had submitted a false declaration in her application which was in violation of the condition of appointment in the service, 	Premise	It is evident that the petitioner has not denied that she was a graduate	Claim	supports
It is also true that even if such an applicant is already appointed, his services are liable to be terminated for furnishing false information	Premise	her engagement was terminated with effect from 1st February, 2008	Claim	supports
Since in the case in hand the condition in the advertisement was specific and it was obligatory on the part of the candidates to give correct information as stilpulated in the advertisement dated 5th July, 2006, and since in the case in hand the advertisement had stipulated that graduates were barred from competing, in view of the law laid down by the Apex Court in Union of India and others  vs  Sukhen Chandra Das (supra) and in Manoj Kumar (supra) and in paragraphs 16 and 22 of the judgement in Rina Dutta (supra), the respondents were justified in issuing the order of termination without giving an opportunity of hearing	Premise	her engagement was terminated with effect from 1st February, 2008	Claim	supports
Since in the case in hand the condition in the advertisement was specific and it was obligatory on the part of the candidates to give correct information as stilpulated in the advertisement dated 5th July, 2006, and since in the case in hand the advertisement had stipulated that graduates were barred from competing, in view of the law laid down by the Apex Court in Union of India and others  vs  Sukhen Chandra Das (supra) and in Manoj Kumar (supra) and in paragraphs 16 and 22 of the judgement in Rina Dutta (supra), the respondents were justified in issuing the order of termination without giving an opportunity of hearing	Premise	If a graduate candidate suppresses her academic qualification and if selected to a post of Anganwadi Worker her services will be terminated forthwith without assigning any reason	Claim	supports
The orders passed in Manashi Ghosh (supra) and Chaitali Das (supra) are not applicable to the facts of the instant case in view of the clear stipulation in the advertisement prohibiting graduates from applying for the post of Anganwadi Worker	Premise	If a graduate candidate suppresses her academic qualification and if selected to a post of Anganwadi Worker her services will be terminated forthwith without assigning any reason	Claim	attacks
The orders passed in Manashi Ghosh (supra) and Chaitali Das (supra) are not applicable to the facts of the instant case in view of the clear stipulation in the advertisement prohibiting graduates from applying for the post of Anganwadi Worker	Premise	her engagement was terminated with effect from 1st February, 2008	Claim	attacks
her engagement was terminated with effect from 1st February, 2008	Claim	Therefore, no order is passed on the writ petitions	MajorClaim	supports
If a graduate candidate suppresses her academic qualification and if selected to a post of Anganwadi Worker her services will be terminated forthwith without assigning any reason	Claim	Therefore, no order is passed on the writ petitions	MajorClaim	supports
It is evident that the petitioner has not denied that she was a graduate	Claim	Therefore, no order is passed on the writ petitions	MajorClaim	supports
Therefore, no order is passed on the writ petitions	MajorClaim	The writ petitions are dismissed	MajorClaim	supports
It is evident that the petitioner has not denied that she was a graduate	Claim	The writ petitions are dismissed	MajorClaim	supports
If a graduate candidate suppresses her academic qualification and if selected to a post of Anganwadi Worker her services will be terminated forthwith without assigning any reason	Claim	The writ petitions are dismissed	MajorClaim	supports
her engagement was terminated with effect from 1st February, 2008	Claim	The writ petitions are dismissed	MajorClaim	supports
There is no provision in the Land Acquisition Act, 1894 under which ,a person otherwise entitled to compensation for the acquisition of his land may be given only solatium and not the compensation determined according to provisionis of s.23 of the Act	Premise	Hence I am unable to accept the case of the respondents that since the proceedings lor the acquisition of the lands coiuld not be concluded before the lands were eroded by the raging flooded river, in Jaw, the petitioners would not be entitled to compensation determined according to the provisions of the land Acquisition Act, 1894	MajorClaim	supports
It is not disputed that the order that May 16, 1997 has not:;been issued by the government under any lprqvision of the Land Acquisition Act, 1894	Premise	Hence I am unable to accept the case of the respondents that since the proceedings lor the acquisition of the lands coiuld not be concluded before the lands were eroded by the raging flooded river, in Jaw, the petitioners would not be entitled to compensation determined according to the provisions of the land Acquisition Act, 1894	MajorClaim	supports
The respondents have not come with a clear case in the opposition	Claim	Hence I am unable to accept the case of the respondents that since the proceedings lor the acquisition of the lands coiuld not be concluded before the lands were eroded by the raging flooded river, in Jaw, the petitioners would not be entitled to compensation determined according to the provisions of the land Acquisition Act, 1894	MajorClaim	attacks
When they were supposed to state all facts pertaining to the s.4 notifications, they have conveniently with held the facts,and on the contrary, they have soughi: to make out a case that possession of the lands was not given to the requiring body	Premise	Hence I am unable to accept the case of the respondents that since the proceedings lor the acquisition of the lands coiuld not be concluded before the lands were eroded by the raging flooded river, in Jaw, the petitioners would not be entitled to compensation determined according to the provisions of the land Acquisition Act, 1894	MajorClaim	attacks
When they were supposed to state all facts pertaining to the s.4 notifications, they have conveniently with held the facts,and on the contrary, they have soughi: to make out a case that possession of the lands was not given to the requiring body	Premise	The respondents have not come with a clear case in the opposition	Claim	supports
It is on the basis of such a case stated; in the opposition that Ms Mukherjee has disputed the petitioners  claim that possession of the lands had been taken by the collector before the lands were eroded by the river	Premise	The respondents have not come with a clear case in the opposition	Claim	supports
From the facis stated in the writ petition and the documents produced with it, it is evident that possession of the lands was taken by the collector,, and lhat using i:hem the appropriate department! of;the government constructed the proposed embankment	Premise	The lands using which the embankment was constructed were eroded by the river only thereafter,It is, therefore, evident that in view of the provisions of s.I7(i) ihe lands in: question stood vested absolutely in the, government free from alt encumbrances	Claim	supports
The lands using which the embankment was constructed were eroded by the river only thereafter,It is, therefore, evident that in view of the provisions of s.I7(i) ihe lands in: question stood vested absolutely in the, government free from alt encumbrances	Claim	For these reasons,I allow the writ petition and order as follows: Within four weeks from the date of communication of the order Collector Malda shall determine compensation for acquisition of the peritioners  lands make and declare the award and pay compensation accorcimg to the award	Claim	supports
instead of following these legal courses, by exercising an untraceable power the state government issued the order dated May 16, 1997 that is evidently ultra vires of the provisions of the l.and Acquisition Act, 1894	Premise	For these reasons,I allow the writ petition and order as follows: Within four weeks from the date of communication of the order Collector Malda shall determine compensation for acquisition of the peritioners  lands make and declare the award and pay compensation accorcimg to the award	Claim	attacks
The state government has no authority to say that for the lands vested in it by operation of the provisions ofs,17(l) of the Land Acquisition Act, 1894 it woutd pay the owners thereof only solatium, and-not compensation duly determined by the collector	Premise	For these reasons,I allow the writ petition and order as follows: Within four weeks from the date of communication of the order Collector Malda shall determine compensation for acquisition of the peritioners  lands make and declare the award and pay compensation accorcimg to the award	Claim	supports
The loss of thelands has to be borne by the state that acquired the lands at its own peril; and it has no right to shift the consequences of the loss to the petitioners claiming to be the erstwhile owners there of I am, therefore, of the view that rhe collector must determine compensation, muke and declare the award and pay compensation according to the award9	Premise	For these reasons,I allow the writ petition and order as follows: Within four weeks from the date of communication of the order Collector Malda shall determine compensation for acquisition of the peritioners  lands make and declare the award and pay compensation accorcimg to the award	Claim	supports
For these reasons,I allow the writ petition and order as follows: Within four weeks from the date of communication of the order Collector Malda shall determine compensation for acquisition of the peritioners  lands make and declare the award and pay compensation accorcimg to the award	Claim	The collector is ordered to pay the petitioners Rs.20.000 costs	MajorClaim	supports
For these reasons,I allow the writ petition and order as follows: Within four weeks from the date of communication of the order Collector Malda shall determine compensation for acquisition of the peritioners  lands make and declare the award and pay compensation accorcimg to the award	Claim	All payments shall be made withih the time already mentioned,	MajorClaim	supports
For these reasons,I allow the writ petition and order as follows: Within four weeks from the date of communication of the order Collector Malda shall determine compensation for acquisition of the peritioners  lands make and declare the award and pay compensation accorcimg to the award	Claim	All payments shall be made withih the time already mentioned,	MajorClaim	ndr